{
    "accuracy": 0.9941837921675067,
    "precision": 0.9882595526626952,
    "recall": 0.9857262344930355,
    "f1_score": 0.9866048218229821
}