{
    "accuracy": 0.9999432752850417,
    "precision": 0.9999487757401906,
    "recall": 0.9999364595247173,
    "f1_score": 0.9999426143016
}