{
    "accuracy": 0.9657282741738066,
    "precision": 0.92129701378632,
    "recall": 0.9864371341238062,
    "f1_score": 0.9483218386565417
}