{
    "accuracy": 0.9984490112446684,
    "precision": 0.9965982636319675,
    "recall": 0.9969426350970285,
    "f1_score": 0.9967556999327561
}