{
    "accuracy": 0.9583843329253366,
    "precision": 0.9150498266198108,
    "recall": 0.976632197450052,
    "f1_score": 0.9390508300646081
}