{
    "accuracy": 0.9391330614710769,
    "precision": 0.9458379469495953,
    "recall": 0.9406714565573998,
    "f1_score": 0.9418849580658654
}