{
    "accuracy": 0.9046971756532246,
    "precision": 0.9160028803170972,
    "recall": 0.9058019183993085,
    "f1_score": 0.9079175331036938
}