{
    "accuracy": 0.9632985953783416,
    "precision": 0.9675759667853029,
    "recall": 0.9630154246635237,
    "f1_score": 0.9644388152389541
}