{
    "accuracy": 0.9872043427685149,
    "precision": 0.9655613243401617,
    "recall": 0.9922413875172427,
    "f1_score": 0.9781940469615054
}