{
    "accuracy": 0.9730722154222766,
    "precision": 0.9394272299424523,
    "recall": 0.9834091430172632,
    "f1_score": 0.957568238395704
}