{
    "accuracy": 0.9914695618456766,
    "precision": 0.9876942360787029,
    "recall": 0.9796517166284646,
    "f1_score": 0.9833129825489008
}