{
    "accuracy": 0.966952264381885,
    "precision": 0.9383557454424999,
    "recall": 0.9732934349075286,
    "f1_score": 0.9512839238006661
}