{
    "accuracy": 0.9661682525298293,
    "precision": 0.9699639836667083,
    "recall": 0.9666716883290535,
    "f1_score": 0.967696394053205
}