{
    "accuracy": 0.9137592508684489,
    "precision": 0.9325603331039852,
    "recall": 0.913670482328275,
    "f1_score": 0.9173559205420098
}