{
    "accuracy": 0.8859688868750943,
    "precision": 0.9079488294739163,
    "recall": 0.8841868819788855,
    "f1_score": 0.8893250721574879
}