{
    "accuracy": 0.9681762545899633,
    "precision": 0.9365380609542916,
    "recall": 0.9675563370655024,
    "f1_score": 0.9510497669528413
}