{
    "accuracy": 0.9774958465488597,
    "precision": 0.9788081866196138,
    "recall": 0.977246558734764,
    "f1_score": 0.977963174986797
}