{
    "accuracy": 0.9953470337340055,
    "precision": 0.9892229082820452,
    "recall": 0.9896981188780491,
    "f1_score": 0.9891959941239616
}