{
    "accuracy": 0.8901978553088657,
    "precision": 0.8922610920620336,
    "recall": 0.8975431308908766,
    "f1_score": 0.8929282442117725
}