{
    "accuracy": 0.9514483884128927,
    "precision": 0.8952925228152658,
    "recall": 0.9784069888525788,
    "f1_score": 0.9256369891012705
}