{
    "accuracy": 0.9404324765401877,
    "precision": 0.882226979304817,
    "recall": 0.9753041702361118,
    "f1_score": 0.9160639399742848
}