{
    "accuracy": 0.9604243166054671,
    "precision": 0.91818145541926,
    "recall": 0.9754627093726116,
    "f1_score": 0.9389308834129058
}