{
    "accuracy": 0.955595831445401,
    "precision": 0.9599071391945196,
    "recall": 0.9552357337246065,
    "f1_score": 0.957127070126242
}