{
    "accuracy": 0.9957347809228383,
    "precision": 0.9909760529325746,
    "recall": 0.9894823921285034,
    "f1_score": 0.9900290164417984
}