{
    "accuracy": 0.9632802937576499,
    "precision": 0.9183348703896719,
    "recall": 0.9812888732464214,
    "f1_score": 0.9424774455619535
}