{
    "accuracy": 0.9984490112446684,
    "precision": 0.9977823164776418,
    "recall": 0.9966779909004889,
    "f1_score": 0.9972129794383028
}