{
    "accuracy": 0.9999432752850417,
    "precision": 0.9999364675984752,
    "recall": 0.9999487704918033,
    "f1_score": 0.9999426157145295
}