{
    "accuracy": 0.9914695618456766,
    "precision": 0.994365869424693,
    "recall": 0.9770313708347425,
    "f1_score": 0.9850129602610793
}