{
    "accuracy": 0.9563443492452061,
    "precision": 0.9040803126827145,
    "recall": 0.9790832536331093,
    "f1_score": 0.9315386021948523
}