{
    "accuracy": 0.9469604243166054,
    "precision": 0.9618926712042898,
    "recall": 0.8186590824158795,
    "f1_score": 0.8332931948712666
}