{
    "accuracy": 0.9895308259015122,
    "precision": 0.9835290942390593,
    "recall": 0.9730072317976177,
    "f1_score": 0.9772615922893999
}