{
    "accuracy": 0.9518563851489188,
    "precision": 0.8977944944958105,
    "recall": 0.9778033237433869,
    "f1_score": 0.9274421100369507
}