{
    "accuracy": 0.9805165382872678,
    "precision": 0.9816448350525792,
    "recall": 0.980073887893259,
    "f1_score": 0.9808092323154817
}