{
    "accuracy": 0.9359445124439004,
    "precision": 0.969917956979166,
    "recall": 0.7929816742884958,
    "f1_score": 0.8051561073039393
}