{
    "accuracy": 0.9273765809873521,
    "precision": 0.8635521816230897,
    "recall": 0.9701994286869396,
    "f1_score": 0.8988163948487882
}