{
    "accuracy": 0.986816595579682,
    "precision": 0.9851610398498057,
    "recall": 0.9639950094721228,
    "f1_score": 0.9731618263065716
}