{
    "accuracy": 0.9082007343941249,
    "precision": 0.8418713447075763,
    "recall": 0.9641918615454038,
    "f1_score": 0.8812233954322573
}