{
    "accuracy": 0.8396572827417381,
    "precision": 0.6613055755098074,
    "recall": 0.6980241679388866,
    "f1_score": 0.6657612603539059
}