{
    "accuracy": 0.9926328034121753,
    "precision": 0.9831889636348006,
    "recall": 0.9834481188780491,
    "f1_score": 0.9824960926118048
}