{
    "accuracy": 0.9734802121583027,
    "precision": 0.9620439920939994,
    "recall": 0.9445790006676515,
    "f1_score": 0.952644677977012
}