{
    "accuracy": 0.9699441172028395,
    "precision": 0.9726133506708695,
    "recall": 0.9692603045063222,
    "f1_score": 0.9706791032049567
}