{
    "accuracy": 0.9622413532698988,
    "precision": 0.9654462854366296,
    "recall": 0.9642737447394811,
    "f1_score": 0.9638763766314349
}