{
    "accuracy": 0.9616483068135455,
    "precision": 0.9311624247646659,
    "recall": 0.9539724065957385,
    "f1_score": 0.9419999631667881
}