{
    "accuracy": 0.9899185730903451,
    "precision": 0.9855836039798105,
    "recall": 0.9741495084123925,
    "f1_score": 0.9791188236371539
}