{
    "accuracy": 0.9957347809228383,
    "precision": 0.990717320759675,
    "recall": 0.9903045878807445,
    "f1_score": 0.9903621651243835
}