{
    "accuracy": 0.9832721338229294,
    "precision": 0.9784530689308847,
    "recall": 0.9691462599337394,
    "f1_score": 0.9736453428063847
}