{
    "accuracy": 0.9796001631986944,
    "precision": 0.9759199321006209,
    "recall": 0.9612192128431278,
    "f1_score": 0.9683111134746165
}