{
    "accuracy": 0.9961225281116712,
    "precision": 0.9903101891606139,
    "recall": 0.9931282246682454,
    "f1_score": 0.9916498610709708
}