{
    "accuracy": 0.9298245614035088,
    "precision": 0.759874105154241,
    "recall": 0.7786985537045938,
    "f1_score": 0.7687235329459996
}