{
    "accuracy": 0.945328437372501,
    "precision": 0.8880529643352414,
    "recall": 0.9761221449835766,
    "f1_score": 0.9201033950189513
}