{
    "accuracy": 0.9205558072798671,
    "precision": 0.9356258230973361,
    "recall": 0.9200857842153645,
    "f1_score": 0.9237182861319689
}