{
    "accuracy": 0.9968980224893369,
    "precision": 0.9926716301687333,
    "recall": 0.9932695474494777,
    "f1_score": 0.9928960479563749
}