{
    "accuracy": 0.9441044471644227,
    "precision": 0.8861353238660928,
    "recall": 0.9756769283857649,
    "f1_score": 0.9181010291455272
}