{
    "accuracy": 0.928711674973569,
    "precision": 0.9425378711098539,
    "recall": 0.930228643722363,
    "f1_score": 0.9324400588151982
}