{
    "accuracy": 0.9988087809858756,
    "precision": 0.9986692015209125,
    "recall": 0.9989241803278688,
    "f1_score": 0.9987952249148616
}