{
    "accuracy": 0.9457364341085271,
    "precision": 0.8872277220905087,
    "recall": 0.9778217005037273,
    "f1_score": 0.9199684321722632
}