{
    "accuracy": 0.9815737803957106,
    "precision": 0.9822210625851193,
    "recall": 0.9813417057381454,
    "f1_score": 0.981761307001893
}