{
    "accuracy": 0.9453254795348135,
    "precision": 0.9498169634092961,
    "recall": 0.9471324128513005,
    "f1_score": 0.9475415016882903
}