{
    "accuracy": 0.9502243982048144,
    "precision": 0.9591477057395954,
    "recall": 0.8497327474231309,
    "f1_score": 0.8720298187900571
}