{
    "accuracy": 0.982479987917233,
    "precision": 0.9832195982705939,
    "recall": 0.9827843054689,
    "f1_score": 0.9829304615926723
}