{
    "accuracy": 0.9910818146568438,
    "precision": 0.989828188954988,
    "recall": 0.9751685575438491,
    "f1_score": 0.981924956090704
}