{
    "accuracy": 0.9735689472889292,
    "precision": 0.9748152825112243,
    "recall": 0.973095834806856,
    "f1_score": 0.9738563512595072
}