{
    "accuracy": 0.9640537683129436,
    "precision": 0.9663287236345702,
    "recall": 0.9632998117339646,
    "f1_score": 0.9646466629825095
}