{
    "accuracy": 0.9571603427172583,
    "precision": 0.908903160560655,
    "recall": 0.978082827024715,
    "f1_score": 0.9341124911011663
}