{
    "accuracy": 0.9945715393563397,
    "precision": 0.9961587178045863,
    "recall": 0.985171926210462,
    "f1_score": 0.9902926048082745
}