{
    "accuracy": 0.9976735168670027,
    "precision": 0.9964135044943985,
    "recall": 0.9945841445309909,
    "f1_score": 0.9954948521185469
}