{
    "accuracy": 0.957861350249207,
    "precision": 0.964591901734611,
    "recall": 0.9566867423836483,
    "f1_score": 0.9591484786200377
}