{
    "accuracy": 0.966952264381885,
    "precision": 0.922213061431799,
    "recall": 0.9868941028976067,
    "f1_score": 0.9489249829167209
}