{
    "accuracy": 0.9685842513259894,
    "precision": 0.9337968076921564,
    "recall": 0.9800446482841766,
    "f1_score": 0.9526000896775282
}