{
    "accuracy": 0.9995462022803335,
    "precision": 0.9994921924590581,
    "recall": 0.9995901639344262,
    "f1_score": 0.9995409651797522
}