{
    "accuracy": 0.9657151487690682,
    "precision": 0.9697482770698745,
    "recall": 0.9636319147537047,
    "f1_score": 0.9660039548814222
}