{
    "accuracy": 0.9561999697930826,
    "precision": 0.9567031067341499,
    "recall": 0.9573045011687396,
    "f1_score": 0.9565968621363656
}