{
    "accuracy": 0.9543043655650755,
    "precision": 0.9007849491579349,
    "recall": 0.9802527417105497,
    "f1_score": 0.9314821252375559
}