{
    "accuracy": 0.9764386044404169,
    "precision": 0.9781282062548357,
    "recall": 0.9758241257079466,
    "f1_score": 0.9768752542632314
}