{
    "accuracy": 0.949252378794744,
    "precision": 0.9555126380108403,
    "recall": 0.9494546643525484,
    "f1_score": 0.951402978098114
}