{
    "accuracy": 0.9711523938982027,
    "precision": 0.973152812912538,
    "recall": 0.9700276560539419,
    "f1_score": 0.9714068554341072
}