{
    "accuracy": 0.9910818146568438,
    "precision": 0.9856728806726076,
    "recall": 0.977687244261449,
    "f1_score": 0.9811184312997328
}