{
    "accuracy": 0.6859247770453665,
    "precision": 0.08574059713067081,
    "recall": 0.125,
    "f1_score": 0.10171343146274149
}