{
    "accuracy": 0.9812717112218698,
    "precision": 0.9822110060853907,
    "recall": 0.9817357435402588,
    "f1_score": 0.9818572603627476
}