{
    "accuracy": 0.9957347809228383,
    "precision": 0.9897059859336228,
    "recall": 0.9915148308492695,
    "f1_score": 0.9904352841863937
}