{
    "accuracy": 0.9356592659719075,
    "precision": 0.9437528772957534,
    "recall": 0.9353836429098741,
    "f1_score": 0.9381611024541665
}