{
    "accuracy": 0.9949592865451725,
    "precision": 0.9881231930415559,
    "recall": 0.9888052617351919,
    "f1_score": 0.9881469887367273
}