{
    "accuracy": 0.9875920899573478,
    "precision": 0.9668808308014303,
    "recall": 0.9949020391843263,
    "f1_score": 0.9801403168075455
}