{
    "accuracy": 0.9957347809228383,
    "precision": 0.9905054462132294,
    "recall": 0.991148621508597,
    "f1_score": 0.9907174243768139
}