{
    "accuracy": 0.9934082977898411,
    "precision": 0.9816024720337231,
    "recall": 0.9978531575875397,
    "f1_score": 0.9895022415908913
}