{
    "accuracy": 0.9543875547500378,
    "precision": 0.9595278209139595,
    "recall": 0.9544036926782565,
    "f1_score": 0.9557534294864108
}