{
    "accuracy": 0.892161304938831,
    "precision": 0.9117704221559774,
    "recall": 0.8967291477555913,
    "f1_score": 0.8964112895832134
}