{
    "accuracy": 0.9953470337340055,
    "precision": 0.9892350004326402,
    "recall": 0.9910561222423693,
    "f1_score": 0.9900313283458779
}