{
    "accuracy": 0.9567523459812322,
    "precision": 0.9045058110612484,
    "recall": 0.9830860297826028,
    "f1_score": 0.9347231787299813
}