{
    "accuracy": 0.9420027186225646,
    "precision": 0.9523829223539776,
    "recall": 0.9407789448111828,
    "f1_score": 0.9440176065448845
}