{
    "accuracy": 0.9400244798041616,
    "precision": 0.8824215264539991,
    "recall": 0.9776085300837776,
    "f1_score": 0.9199771978306408
}