{
    "accuracy": 0.6629946960424317,
    "precision": 0.3848982812975601,
    "recall": 0.4547144705581417,
    "f1_score": 0.3921658797991654
}