{
    "accuracy": 0.970548255550521,
    "precision": 0.9723432507832527,
    "recall": 0.9700734595297241,
    "f1_score": 0.9710906095572446
}