{
    "accuracy": 0.9688868750943966,
    "precision": 0.9708998495503535,
    "recall": 0.9680966294744252,
    "f1_score": 0.969302302713408
}