{
    "accuracy": 0.9953470337340055,
    "precision": 0.9873820251078241,
    "recall": 0.9940954857794156,
    "f1_score": 0.9906043689507462
}