{
    "accuracy": 0.9579763361893104,
    "precision": 0.9104536662266132,
    "recall": 0.982993914132601,
    "f1_score": 0.9397627887178089
}