{
    "accuracy": 0.9961225281116712,
    "precision": 0.9931658980369454,
    "recall": 0.990602924799656,
    "f1_score": 0.9918600934857877
}