{
    "accuracy": 0.9976735168670027,
    "precision": 0.9934384164222874,
    "recall": 0.9969860413798356,
    "f1_score": 0.9951616039493887
}