{
    "accuracy": 0.9645042839657283,
    "precision": 0.9201631209708397,
    "recall": 0.9842794706115321,
    "f1_score": 0.9462679078517052
}