{
    "accuracy": 0.9992245056223342,
    "precision": 0.9978155155383329,
    "recall": 0.9989130784467822,
    "f1_score": 0.9983615446931089
}