{
    "accuracy": 0.9249358103005588,
    "precision": 0.9251085250325447,
    "recall": 0.9299660821660963,
    "f1_score": 0.9269330939853662
}