{
    "accuracy": 0.9726642186862505,
    "precision": 0.9436721790060554,
    "recall": 0.9801903461123592,
    "f1_score": 0.9601526473876888
}