{
    "accuracy": 0.9941837921675067,
    "precision": 0.9838509800797082,
    "recall": 0.9957773125839666,
    "f1_score": 0.989681534446178
}