{
    "accuracy": 0.9587675577707295,
    "precision": 0.9610181452246996,
    "recall": 0.9601828358874333,
    "f1_score": 0.9600905774924798
}