{
    "accuracy": 0.9465524275805793,
    "precision": 0.8883979419471594,
    "recall": 0.9731287696721826,
    "f1_score": 0.9209083094038364
}