{
    "accuracy": 0.9764386044404169,
    "precision": 0.9783887012184097,
    "recall": 0.9757432638345339,
    "f1_score": 0.9769102232406293
}