{
    "accuracy": 0.9914695618456766,
    "precision": 0.9880882872052571,
    "recall": 0.9780073251239827,
    "f1_score": 0.982610608533508
}