{
    "accuracy": 0.8542070569988368,
    "precision": 0.5753217042898832,
    "recall": 0.6614939410707918,
    "f1_score": 0.5849921879013704
}