{
    "accuracy": 0.924633741126718,
    "precision": 0.9415570991362211,
    "recall": 0.9251010994686983,
    "f1_score": 0.9281792256615722
}