{
    "accuracy": 0.961184111161456,
    "precision": 0.965195174183152,
    "recall": 0.9625912944224422,
    "f1_score": 0.9628417026158983
}