{
    "accuracy": 0.9949592865451725,
    "precision": 0.9897149951497778,
    "recall": 0.9882324854548685,
    "f1_score": 0.9887735608496493
}