{
    "accuracy": 0.9996122528111672,
    "precision": 0.9987113402061856,
    "recall": 0.9989837398373984,
    "f1_score": 0.9988421275245849
}