{
    "accuracy": 0.9673602611179111,
    "precision": 0.9321979783892627,
    "recall": 0.9782939385456961,
    "f1_score": 0.9512905211700907
}