{
    "accuracy": 0.8890248878008976,
    "precision": 0.6852103781174578,
    "recall": 0.765887257993713,
    "f1_score": 0.7166680924070336
}