{
    "accuracy": 0.9980612640558356,
    "precision": 0.9974073028420855,
    "recall": 0.9953753425977256,
    "f1_score": 0.9963864676724574
}