{
    "accuracy": 0.9879798371461807,
    "precision": 0.9819906709510209,
    "recall": 0.969398834557945,
    "f1_score": 0.9745850303478971
}