{
    "accuracy": 0.9722096360066456,
    "precision": 0.9738852852115025,
    "recall": 0.9713490117389935,
    "f1_score": 0.9724855358034715
}