{
    "accuracy": 0.9623923878568192,
    "precision": 0.9656936713840868,
    "recall": 0.9608628975536897,
    "f1_score": 0.9628711111253891
}