{
    "accuracy": 0.9710013593112823,
    "precision": 0.9743062398713391,
    "recall": 0.9705850073354519,
    "f1_score": 0.9719250569379106
}