{
    "accuracy": 0.9612403100775194,
    "precision": 0.9157816931591327,
    "recall": 0.9794756777966969,
    "f1_score": 0.9422602785189067
}