{
    "accuracy": 0.9937960449786739,
    "precision": 0.987179610213077,
    "recall": 0.985553914026297,
    "f1_score": 0.9859704248309304
}