{
    "accuracy": 0.9767441860465116,
    "precision": 0.9710323946022965,
    "recall": 0.9547642402681223,
    "f1_score": 0.9620114473379078
}