{
    "accuracy": 0.842168856668177,
    "precision": 0.8552732464244664,
    "recall": 0.8436735435034359,
    "f1_score": 0.8451679639151085
}