{
    "accuracy": 0.9864288483908492,
    "precision": 0.9781964933474765,
    "recall": 0.9660121350505558,
    "f1_score": 0.9704052772056941
}