{
    "accuracy": 0.9968980224893369,
    "precision": 0.9945528531925591,
    "recall": 0.9953085993212331,
    "f1_score": 0.9949034352200432
}