{
    "accuracy": 0.9976735168670027,
    "precision": 0.9943553748064482,
    "recall": 0.9966996532396739,
    "f1_score": 0.9955027343984889
}