{
    "accuracy": 0.9730722154222766,
    "precision": 0.9340207260410358,
    "recall": 0.9863497253823672,
    "f1_score": 0.95597956204917
}