{
    "accuracy": 0.9957347809228383,
    "precision": 0.9893620787312376,
    "recall": 0.990055168408827,
    "f1_score": 0.9893913590475314
}