{
    "accuracy": 0.9988367584335014,
    "precision": 0.9977338730854529,
    "recall": 0.9969116374115223,
    "f1_score": 0.9973211451684788
}