{
    "accuracy": 0.9895308259015122,
    "precision": 0.9872519495145545,
    "recall": 0.9714736320206867,
    "f1_score": 0.9784003676844784
}