{
    "accuracy": 0.5569232514606615,
    "precision": 0.7777303511467759,
    "recall": 0.5036853475663998,
    "f1_score": 0.3644204206751283
}