{
    "accuracy": 0.9128530433469264,
    "precision": 0.9226423893617467,
    "recall": 0.9132347455253912,
    "f1_score": 0.9150069477242239
}