{
    "accuracy": 0.9275033982782057,
    "precision": 0.940304713495248,
    "recall": 0.9296149297342272,
    "f1_score": 0.9309833241825857
}