{
    "accuracy": 0.5405527865881287,
    "precision": 0.6767032587840373,
    "recall": 0.5386104712327113,
    "f1_score": 0.49877356732855516
}