{
    "accuracy": 0.9277845777233782,
    "precision": 0.8646983241770538,
    "recall": 0.9699678815066493,
    "f1_score": 0.8991459400580155
}