{
    "accuracy": 0.9681317021597946,
    "precision": 0.9708263174367877,
    "recall": 0.96612247799234,
    "f1_score": 0.968087888212478
}