{
    "accuracy": 0.9998865505700834,
    "precision": 0.9998729513403634,
    "recall": 0.9998975409836066,
    "f1_score": 0.9998852328408157
}