{
    "accuracy": 0.9664703217036701,
    "precision": 0.969896435562568,
    "recall": 0.9634800619844551,
    "f1_score": 0.9659975644107274
}