{
    "accuracy": 0.9793082615919045,
    "precision": 0.9809726116261205,
    "recall": 0.9787662862968426,
    "f1_score": 0.9796947910992412
}