{
    "accuracy": 0.9694002447980417,
    "precision": 0.9388466641717415,
    "recall": 0.9842228310271738,
    "f1_score": 0.9596290977565701
}