{
    "accuracy": 0.9587923296613627,
    "precision": 0.9710187897992629,
    "recall": 0.880383360332894,
    "f1_score": 0.9078404101683992
}