{
    "accuracy": 0.9794493989918573,
    "precision": 0.9486149021830765,
    "recall": 0.9794945962172649,
    "f1_score": 0.9624983953233557
}