{
    "accuracy": 0.9657282741738066,
    "precision": 0.970637827701745,
    "recall": 0.918623597538145,
    "f1_score": 0.9395088153463295
}