{
    "accuracy": 0.9371696118411116,
    "precision": 0.9490807839968878,
    "recall": 0.9379437563807458,
    "f1_score": 0.940209049495783
}