{
    "accuracy": 0.9400244798041616,
    "precision": 0.8801906870084373,
    "recall": 0.9753053094544348,
    "f1_score": 0.9151622196868786
}