{
    "accuracy": 0.9653202774377805,
    "precision": 0.9233277571819741,
    "recall": 0.9795865397799872,
    "f1_score": 0.9471549407584513
}