{
    "accuracy": 0.9961225281116712,
    "precision": 0.9908099442748188,
    "recall": 0.9914838331637634,
    "f1_score": 0.99099539305572
}