{
    "accuracy": 0.9220726234190126,
    "precision": 0.9014054565077346,
    "recall": 0.8020616967874696,
    "f1_score": 0.8035078310030226
}