{
    "accuracy": 0.906358556109349,
    "precision": 0.9228554641669461,
    "recall": 0.9079534629660949,
    "f1_score": 0.9110090705966125
}