{
    "accuracy": 0.9657282741738066,
    "precision": 0.9190982910295874,
    "recall": 0.9872048743335873,
    "f1_score": 0.9468971539167523
}