{
    "accuracy": 0.960016319869441,
    "precision": 0.910150223595096,
    "recall": 0.9822200483360397,
    "f1_score": 0.9372362444677904
}