{
    "accuracy": 0.9724699495928655,
    "precision": 0.9325268163665057,
    "recall": 0.9662000071338848,
    "f1_score": 0.9465012365885446
}