{
    "accuracy": 0.9268992599305241,
    "precision": 0.9319245996723756,
    "recall": 0.9289973677100839,
    "f1_score": 0.9301729840824327
}