{
    "accuracy": 0.9813881349360217,
    "precision": 0.9534077348930926,
    "recall": 0.9918802593904967,
    "f1_score": 0.9705415658916962
}